date,title,url,pubDate
19-Jul-2023 10:04:00,MATLABでモデルベース超入門する俺 | MATLAB アーカイブ - HomeMadeGarbage,https://homemadegarbage.com/matlabmbd,"Wed, 19 Jul 2023 10:04:13 GMT"
21-Jul-2023 06:36:00,反応工学のバーチャルな実験授業／ロボット関連の教材やリソース／新刊書籍／ユーザー事例｜2023年7月 | MATLAB アカデミックニュースレター,https://note.com/sachie_y/n/nf286b5e88f29,"Fri, 21 Jul 2023 06:36:59 GMT"
21-Jul-2023 13:15:00,一問一答：流体シミュレーション基礎～乱流モデル編～（全8問） | 流体シミュレーション  |  N's note,https://taku-naka.site/2023/07/21/computational-thermo-fluid-dynamics/quiz_fluid_turbulence/,"Fri, 21 Jul 2023 13:15:08 GMT"
21-Jul-2023 21:17:00,無料アカウントでの利用が大幅拡充！ ～ MATLAB Mobile / MATLAB Online がサイレント？大幅アップデート！！ | MATLAB関連,https://note.com/leftbank/n/nbe64813e7e04,"Fri, 21 Jul 2023 21:17:04 GMT"
22-Jul-2023 13:36:00,Moment-Based Kalman FilterのMATLABでの実装 | Zennの「matlab」のフィード,https://zenn.dev/spargel/articles/20230709_mkf_matlab,"Sat, 22 Jul 2023 13:36:10 GMT"
22-Jul-2023 19:37:00,collectを使って係数をまとめる | MATLAB/simulink アーカイブ - しろねこらぼ,https://sironekolab.com/archives/6948,"Sat, 22 Jul 2023 19:37:27 GMT"
24-Jul-2023 08:24:00,どのツールボックスがどれに依存してるの？digraphで有向グラフを描いてみよう | MATLAB ユーザーコミュニティー,https://blogs.mathworks.com/japan-community/2023/07/24/toolbox_dependencies/,"Mon, 24 Jul 2023 08:24:54 GMT"
25-Jul-2023 05:50:00,ゼロ位相フィルタに関する備忘録 | MATLABタグが付けられた新着記事 - Qiita,https://qiita.com/matsumura_muramatsu/items/8629c7403c13cdfafef3,"Tue, 25 Jul 2023 05:50:02 GMT"
26-Jul-2023 06:43:00,C/GMRESシミュレーションを3つの言語で作ったので比較してみた | MATLABタグが付けられた新着記事 - Qiita,https://qiita.com/PozihameBaystar/items/650cc839da5d9c974f5d,"Wed, 26 Jul 2023 06:43:06 GMT"
26-Jul-2023 08:28:00,MATLAB Online x GitHub で Open &amp; Reusable な研究を | MATLAB ユーザーコミュニティー,https://blogs.mathworks.com/japan-community/2023/07/26/open-science-and-reusable-research-with-matlab-online-and-github_jp/,"Wed, 26 Jul 2023 08:28:57 GMT"
28-Jul-2023 13:13:00,【MATLAB】Parquetファイルの読み込み・書き込みは圧縮形式に注意 | MATLAB | techBrowse,https://tech-browse.com/programming/matlab/parquetread-compressions/,"Fri, 28 Jul 2023 13:13:15 GMT"
29-Jul-2023 12:02:00,寿司ネタの関係性を可視化してみた - 多次元尺度構成法 | MATLABタグが付けられた新着記事 - Qiita,https://qiita.com/HYCE/items/500c344007dd0cdcda56,"Sat, 29 Jul 2023 12:02:49 GMT"
29-Jul-2023 14:23:00,有限体積法の基礎：空間高次精度化【MATLABコード付き】 | 流体シミュレーション  |  N's note,https://taku-naka.site/2023/07/29/computational-thermo-fluid-dynamics/fvm3/,"Sat, 29 Jul 2023 14:23:29 GMT"
29-Jul-2023 21:05:00,趣味の MATLAB ～ MATLAB Home とは | MATLAB関連,https://note.com/leftbank/n/nbc54db94cf19,"Sat, 29 Jul 2023 21:05:41 GMT"
30-Jul-2023 23:57:00,LQRが代数的Riccati方程式の解を用いて表されることの証明及び，安定性について | MATLABタグが付けられた新着記事 - Qiita,https://qiita.com/matsumura_muramatsu/items/2c992eabb7c5faab45c8,"Sun, 30 Jul 2023 23:57:11 GMT"
